song_name,video_id,title
faded,60ItHLz5WEA,Alan Walker - Faded
gali gali,1BVgpX4w0Wk,Gali Gali Full Video Song | KGF | Neha Kakkar | Mouni Roy | Tanishk Bagchi | Rashmi Virag |T-SERIES
faded,60ItHLz5WEA,Alan Walker - Faded
neeraj pepsu,6DS8m5EkwuM,Neeraj Tanwar Pepsu Song | Rohit Sardhana | Harendra Nagar | Gurjar Jaati veero ki | Neeraj Pepsu
faded,60ItHLz5WEA,Alan Walker - Faded
faded,60ItHLz5WEA,Alan Walker - Faded
volume 1,uB-06KNYaEM,11th Physics | Final Mega Marathon Revision Volume 1 &amp; 2 | Public Exam 2025 | Yazhiniyan Sir
vol 1,ovYPA6bhpF4,CHOOT VOL. 1 - Yo Yo Honey Singh Ft. Badshah (Official Music Video)
faded,60ItHLz5WEA,Alan Walker - Faded
volume 1,uB-06KNYaEM,11th Physics | Final Mega Marathon Revision Volume 1 &amp; 2 | Public Exam 2025 | Yazhiniyan Sir
pushpa 1,gh1BaD-L9oY,Pushpa 1 in Hindi ( Full movie ) Allu arjun full movie üé•üçø #alluarjun   #hindimovie
dhandha nyoliala,1OAjeECW90E,Dhanda Nyoliwala - Russian Bandana (Music Video) | Deepesh Goyal | VYRL Haryanvi
ego killer,PTjOWm3p5XM,Ego Killer ‚Äì Dhanda Nyoliwala (Music Video) | Deepesh Goyal | VYRL Haryanvi
harishchand,xbBQbgtxBFM,‡§∞‡§æ‡§ú‡§æ ‡§π‡§∞‡§ø‡§∂‡•ç‡§ö‡§Ç‡§¶‡•ç‡§∞ |  RAJA HARISHCHANDRA | Hindi Full Movie
dope shope,NrXdauEv9HY,Dope Shope (Official Video) | Yo Yo Honey Singh | Deep Money | International Villager
baby song,6rRRAVSilss,‡§Ü‡§π‡§æ ‡§ü‡§Æ‡§æ‡§ü‡§∞ - Aaha Tamatar Bade Mazedar - Nursery Rhymes and Kids Song in Hindi  Anaya Rhymes #cartoon
baby,pQTBFiO7HbA,Cutebabyüòçpapa talking‚ù§Ô∏è
baby song,020g-0hhCAU,Baby Shark | @CoComelon Nursery Rhymes &amp; Kids Songs
jaat,zKHvaG-XXOc,JAAT Teaser | Sunny Deol | Randeep Hooda | Vineet Kumar Singh | Gopichandh Malineni | Thaman S
Bair Jaat Ka (Official Video) | CK Nara | Panwar Brothers | New Haryanvi Song 2024,vmO8sapyPh4,Bair Jaat Ka (Official Video) | CK Nara | Panwar Brothers | New Haryanvi Song 2024
Bair Jaat Ka (Official Video) | CK Nara | Panwar Brothers | New Haryanvi Song 2024,vmO8sapyPh4,Bair Jaat Ka (Official Video) | CK Nara | Panwar Brothers | New Haryanvi Song 2024
jatt,-5Qf9tdbvXc,Jatt | Garry Sandhu ft. Sultaan | Official Video Song | J Statik | Fresh Media Records
Jatt | Garry Sandhu ft. Sultaan | Official Video Song | J Statik | Fresh Media Records,pEybapCQ0Ls,Jatt | Garry Sandhu Ft.Sultaan | J Statik | Official Teaser | Fresh Media Records
world war,nC4bDgukWC8,Saaaj Tomar - World War (Official Video) Ft. Ira Chauhan | Haryanvi Song | Real Music
Saaaj Tomar - World War (Official Video) Ft. Ira Chauhan | Haryanvi Song | Real Music,nC4bDgukWC8,Saaaj Tomar - World War (Official Video) Ft. Ira Chauhan | Haryanvi Song | Real Music
Saaaj Tomar - World War (Official Video) Ft. Ira Chauhan | Haryanvi Song | Real Music,nC4bDgukWC8,Saaaj Tomar - World War (Official Video) Ft. Ira Chauhan | Haryanvi Song | Real Music
Saaaj Tomar - World War (Lyrical Video) | Haryanvi Song | Real Music,L-mw3FUImnY,Saaaj Tomar - World War (Lyrical Video) | Haryanvi Song | Real Music
World War (Official Video) - Saaaj Tomar | Lambo Bargi Body Jaat Rubicon | Lyrics video | 2023 Song,nC4bDgukWC8,Saaaj Tomar - World War (Official Video) Ft. Ira Chauhan | Haryanvi Song | Real Music
Saaaj Tomar - World War (Lyrical Video) | Haryanvi Song | Real Music,L-mw3FUImnY,Saaaj Tomar - World War (Lyrical Video) | Haryanvi Song | Real Music
baby song,6rRRAVSilss,‡§Ü‡§π‡§æ ‡§ü‡§Æ‡§æ‡§ü‡§∞ - Aaha Tamatar Bade Mazedar - Nursery Rhymes and Kids Song in Hindi  Anaya Rhymes #cartoon
faded,60ItHLz5WEA,Alan Walker - Faded
Alan Walker - Faded (Lyrics),qdpXxGPqW-Y,Alan Walker - Faded (Lyrics)
Alan Walker - Faded (Lyrics),qdpXxGPqW-Y,Alan Walker - Faded (Lyrics)
Alan Walker - FADED (Lyrics),qdpXxGPqW-Y,Alan Walker - Faded (Lyrics)
Alan Walker - Where are you now (Faded) (Lyrics),kId1v7JDJtY,Alan Walker - Where are you now (Faded) (Lyrics)
baby song,020g-0hhCAU,Baby Shark | @CoComelon Nursery Rhymes &amp; Kids Songs
Baby Shark | @CoComelon Nursery Rhymes &amp; Kids Songs,020g-0hhCAU,Baby Shark | @CoComelon Nursery Rhymes &amp; Kids Songs
baby song,020g-0hhCAU,Baby Shark | @CoComelon Nursery Rhymes &amp; Kids Songs
baby song,020g-0hhCAU,Baby Shark | @CoComelon Nursery Rhymes &amp; Kids Songs
Baby Shark | @CoComelon Nursery Rhymes &amp; Kids Songs,020g-0hhCAU,Baby Shark | @CoComelon Nursery Rhymes &amp; Kids Songs
baby song,020g-0hhCAU,Baby Shark | @CoComelon Nursery Rhymes &amp; Kids Songs
Baby Shark | @CoComelon Nursery Rhymes &amp; Kids Songs music,020g-0hhCAU,Baby Shark | @CoComelon Nursery Rhymes &amp; Kids Songs
baby song,6rRRAVSilss,‡§Ü‡§π‡§æ ‡§ü‡§Æ‡§æ‡§ü‡§∞ - Aaha Tamatar Bade Mazedar - Nursery Rhymes and Kids Song in Hindi  Anaya Rhymes #cartoon
baby song,020g-0hhCAU,Baby Shark | @CoComelon Nursery Rhymes &amp; Kids Songs
baby song,6rRRAVSilss,‡§Ü‡§π‡§æ ‡§ü‡§Æ‡§æ‡§ü‡§∞ - Aaha Tamatar Bade Mazedar - Nursery Rhymes and Kids Song in Hindi  Anaya Rhymes #cartoon
baby song,6rRRAVSilss,‡§Ü‡§π‡§æ ‡§ü‡§Æ‡§æ‡§ü‡§∞ - Aaha Tamatar Bade Mazedar - Nursery Rhymes and Kids Song in Hindi  Anaya Rhymes #cartoon
volume 1,ovYPA6bhpF4,CHOOT VOL. 1 - Yo Yo Honey Singh Ft. Badshah (Official Music Video)
CHOOT VOL. 1 - Yo Yo Honey Singh Ft. Badshah (Official Music Video) music,ovYPA6bhpF4,CHOOT VOL. 1 - Yo Yo Honey Singh Ft. Badshah (Official Music Video)
CHOOT VOL. 1 - Yo Yo Honey Singh Ft. Badshah (Official Music Video) music,ovYPA6bhpF4,CHOOT VOL. 1 - Yo Yo Honey Singh Ft. Badshah (Official Music Video)
jaat,vmO8sapyPh4,Bair Jaat Ka (Official Video) | CK Nara | Panwar Brothers | New Haryanvi Song 2024
Bair Jaat Ka (Official Video) | CK Nara | Panwar Brothers | New Haryanvi Song 2024 music,vmO8sapyPh4,Bair Jaat Ka (Official Video) | CK Nara | Panwar Brothers | New Haryanvi Song 2024
Bair Jaat Ka (Official Video) | CK Nara | Panwar Brothers | New Haryanvi Song 2024 music,vmO8sapyPh4,Bair Jaat Ka (Official Video) | CK Nara | Panwar Brothers | New Haryanvi Song 2024
baby song,XTp5jaRU3Ws,WAVY (OFFICIAL VIDEO) KARAN AUJLA | LATEST PUNJABI SONGS 2024
WAVY (OFFICIAL VIDEO) KARAN AUJLA | LATEST PUNJABI SONGS 2024 music,XTp5jaRU3Ws,WAVY (OFFICIAL VIDEO) KARAN AUJLA | LATEST PUNJABI SONGS 2024
WAVY (OFFICIAL VIDEO) KARAN AUJLA | LATEST PUNJABI SONGS 2024 music,XTp5jaRU3Ws,WAVY (OFFICIAL VIDEO) KARAN AUJLA | LATEST PUNJABI SONGS 2024
mehendi ,V0no00PE2Wc,Bewafa Mehndi -Narender Bhagana | Binder Danoda | Babli Jhuriya | New Haryanvi Song 2025
Bewafa Mehndi -Narender Bhagana | Binder Danoda | Babli Jhuriya | New Haryanvi Song 2025 music,BkcYbZK-ZtU,lofer the hariyana k | [live singing masoom sharma | sawra verma | pinna music | #masoomsharma#short
Bewafa Mehndi -Narender Bhagana | Binder Danoda | Babli Jhuriya | New Haryanvi Song 2025 music,BkcYbZK-ZtU,lofer the hariyana k | [live singing masoom sharma | sawra verma | pinna music | #masoomsharma#short
"Button (Full Video) Uttar Kumar, Shivani Kumari, Manisha Sharma | New Haryanvi Songs Haryanavi 2024 music",NfhZXVzWMiQ,"Button (Full Video) Uttar Kumar, Shivani Kumari, Manisha Sharma | New Haryanvi Songs Haryanavi 2024"
